,population,gdp,gdp per captia
Korea,5200,169320000,32561.53846153846
Japan,12718,516700000,40627.457147350215
China,141500,1409250000,9959.363957597174
USA,32676,2041280000,62470.31460399069
